{"_id":"03b10b1e-f70b-46eb-af27-ef75b63abfb3","author":"Alexandre Dumas fils","characters":["Marguerite Gautier","Armand Duval","Prudence","Count de Varville"],"publishInfo":{"country":"France","year":1848.0},"title":"The Lady of the Camellias"}
{"_id":"0b4fee92-81e0-4d80-9bdc-99bb04c8cea1","title":"The Catcher in the Rye","author":"J. D. Salinger","characters":["Holden Caulfield","Stradlater","Mr. Antolini"],"publishInfo":{"year":1951.0,"country":"United States"}}
{"_id":{"$oid":"5cf76060215ef5f40b15b27a"},"title":"The Catcher in the Rye","author":"J. D. Salinger","characters":["Holden Caulfield","Stradlater","Mr. Antolini"],"publishInfo":{"year":1951,"country":"United States"}}
