      { "code": "01", "name": "张三", "number": "201756464", "datetime": "2019/5/30 16:40:04 ", "howlong":"20分钟" , "room": "x单元xxx", "reason": "借钥匙" }
      { "code": "02", "name": "李四", "number": "201864981", "datetime": "2019/5/30 15:30:04 ", "howlong":"20分钟" , "room": "x单元xxx", "reason": "借钥匙" }
      { "code": "03", "name": "王二", "number": "201767798", "datetime": "2019/5/30 12:10:04 ", "howlong":"20分钟" ,"room": "x单元xxx",  "reason": "借钥匙" }
      { "code": "04", "name": "赵六", "number": "201665444", "datetime": "2019/5/30 10:40:04 ", "howlong":"20分钟" , "room": "x单元xxx", "reason": "借钥匙" }
      { "code": "05", "name": "钱五", "number": "201765312", "datetime": "2019/5/30 09:10:04 ", "howlong":"20分钟" , "room": "x单元xxx",  "reason": "借钥匙" }
      { "code": "06", "name": "孙八", "number": "201756201", "datetime": "2019/5/29 18:10:04 ", "howlong":"20分钟" ,"room": "x单元xxx",  "reason": "借钥匙" }
      { "code": "07", "name": "王琦", "number": "201765465", "datetime": "2019/5/29 17:10:04 ", "howlong":"20分钟" , "room": "x单元xxx", "reason": "借钥匙" }